{
  "controller/PhysicalOverview-dbg.controller.js": 1760537339182,
  "Component.js": 1760103396186,
  "controller/PhysicalOverview.controller.js": 1760537339182,
  "controller/BaseController.js": 1760103310798,
  "controller/App.controller.js": 1760102238338,
  "manifest.json": 1760103094869,
  "model/models.js": 1760102153713,
  "i18n/i18n.properties": 1760102153713,
  "controller/PhysicalOverview.controller.js.map": 1760599810253,
  "Component-dbg.js": 1760103396186,
  "Component.js.map": 1760599810222,
  "controller/BaseController-dbg.js": 1760103310798,
  "controller/BaseController.js.map": 1760599810225,
  "controller/App-dbg.controller.js": 1760102238338,
  "controller/App.controller.js.map": 1760599810222,
  "model/models-dbg.js": 1760102153713,
  "model/models.js.map": 1760599810227,
  "Component-preload.js": 1760599810642,
  "Component-preload.js.map": 1760599810642,
  "view/PhysicalOverview.view.xml": 1760523726888,
  "view/App.view.xml": 1760102238338,
  "css/style.css": 1760102153713,
  "index.html": 1760519045389
}