{
  "controller/App-dbg.controller.js": 1760102238338,
  "controller/App.controller.js": 1760102238338,
  "controller/PhysicalOverview.controller.js": 1760103612063,
  "controller/BaseController.js": 1760103310798,
  "model/models.js": 1760102153713,
  "manifest.json": 1760103094869,
  "Component.js": 1760103396186,
  "i18n/i18n.properties": 1760102153713,
  "controller/App.controller.js.map": 1760103977586,
  "controller/PhysicalOverview-dbg.controller.js": 1760103612063,
  "controller/PhysicalOverview.controller.js.map": 1760103977598,
  "controller/BaseController-dbg.js": 1760103310798,
  "controller/BaseController.js.map": 1760103977563,
  "model/models-dbg.js": 1760102153713,
  "model/models.js.map": 1760103977576,
  "Component-dbg.js": 1760103396186,
  "Component.js.map": 1760103977567,
  "Component-preload.js": 1760103977729,
  "Component-preload.js.map": 1760103977729,
  "view/PhysicalOverview.view.xml": 1760103574999,
  "view/App.view.xml": 1760102238338,
  "css/style.css": 1760102153713,
  "index.html": 1760102238342
}