{
  "view/App.view.xml": 1760102238338,
  "Component.js": 1760103396186,
  "controller/PhysicalOverview.controller.js": 1760373505146,
  "controller/BaseController.js": 1760103310798,
  "controller/App.controller.js": 1760102238338,
  "manifest.json": 1760103094869,
  "model/models.js": 1760102153713,
  "controller/PhysicalOverview-dbg.controller.js": 1760373505146,
  "controller/PhysicalOverview.controller.js.map": 1760425627566,
  "Component-dbg.js": 1760103396186,
  "Component.js.map": 1760425627556,
  "controller/BaseController-dbg.js": 1760103310798,
  "controller/BaseController.js.map": 1760425627562,
  "controller/App-dbg.controller.js": 1760102238338,
  "controller/App.controller.js.map": 1760425627555,
  "model/models-dbg.js": 1760102153713,
  "model/models.js.map": 1760425627558,
  "Component-preload.js": 1760425627780,
  "Component-preload.js.map": 1760425627780,
  "view/PhysicalOverview.view.xml": 1760373462314,
  "i18n/i18n.properties": 1760102153713,
  "css/style.css": 1760102153713,
  "index.html": 1760102238342
}