{
  "model/models.js.map": 1760958596794,
  "controller/App.controller.js": 1760102238338,
  "controller/PhysicalOverview.controller.js": 1760537339182,
  "controller/BaseController.js": 1760103310798,
  "model/models.js": 1760102153713,
  "manifest.json": 1760958392868,
  "Component.js": 1760103396186,
  "model/models-dbg.js": 1760102153713,
  "i18n/i18n.properties": 1760947415335,
  "controller/PhysicalOverview-dbg.controller.js": 1760537339182,
  "controller/PhysicalOverview.controller.js.map": 1760958596829,
  "controller/BaseController-dbg.js": 1760103310798,
  "controller/BaseController.js.map": 1760958596799,
  "controller/App-dbg.controller.js": 1760102238338,
  "controller/App.controller.js.map": 1760958596794,
  "Component-dbg.js": 1760103396186,
  "Component.js.map": 1760958596796,
  "Component-preload.js": 1760958596929,
  "Component-preload.js.map": 1760958596929,
  "view/PhysicalOverview.view.xml": 1760523726888,
  "view/App.view.xml": 1760102238338,
  "css/style.css": 1760102153713,
  "index.html": 1760519045389
}