{
  "Component-preload.js": 1760022744387,
  "controller/App.controller.js": 1759525349889,
  "controller/Warehouse.controller.js": 1759928293253,
  "controller/SubAction.controller.js": 1759936213557,
  "controller/StorageBin.controller.js": 1759927871176,
  "controller/StockEntry.controller.js": 1760010236803,
  "controller/BaseController.js": 1759927454576,
  "model/models.js": 1759525349889,
  "manifest.json": 1759765023449,
  "Component.js": 1759935927912,
  "controller/SubAction-dbg.controller.js": 1759936213557,
  "controller/SubAction.controller.js.map": 1760022744266,
  "controller/Warehouse-dbg.controller.js": 1759928293253,
  "controller/Warehouse.controller.js.map": 1760022744265,
  "controller/App-dbg.controller.js": 1759525349889,
  "controller/App.controller.js.map": 1760022744258,
  "controller/StorageBin-dbg.controller.js": 1759927871176,
  "controller/StorageBin.controller.js.map": 1760022744262,
  "controller/StockEntry-dbg.controller.js": 1760010236803,
  "controller/StockEntry.controller.js.map": 1760022744275,
  "controller/BaseController-dbg.js": 1759927454576,
  "controller/BaseController.js.map": 1760022744277,
  "model/models-dbg.js": 1759525349889,
  "model/models.js.map": 1760022744269,
  "Component-dbg.js": 1759935927912,
  "Component.js.map": 1760022744271,
  "i18n/i18n.properties": 1760010180767,
  "Component-preload.js.map": 1760022744387,
  "view/Warehouse.view.xml": 1759912473371,
  "view/SubAction.view.xml": 1759935969416,
  "view/StorageBin.view.xml": 1759928159961,
  "view/StockEntry.view.xml": 1759927761812,
  "view/App.view.xml": 1759669381857,
  "css/style.css": 1759525349889,
  "index.html": 1759670155664
}