{
  "Component-preload.js.map": 1759837327911,
  "controller/App.controller.js": 1759525349889,
  "controller/Warehouse.controller.js": 1759741973127,
  "controller/SubAction.controller.js": 1759831595561,
  "controller/StorageBin.controller.js": 1759742113800,
  "controller/StockEntry.controller.js": 1759831620337,
  "controller/BaseController.js": 1759753746026,
  "model/models.js": 1759525349889,
  "manifest.json": 1759765023449,
  "Component.js": 1759740193797,
  "model/models-dbg.js": 1759525349889,
  "model/models.js.map": 1759837327670,
  "controller/Warehouse-dbg.controller.js": 1759741973127,
  "controller/Warehouse.controller.js.map": 1759837327673,
  "controller/SubAction-dbg.controller.js": 1759831595561,
  "controller/SubAction.controller.js.map": 1759837327680,
  "controller/StorageBin-dbg.controller.js": 1759742113800,
  "controller/StorageBin.controller.js.map": 1759837327674,
  "controller/StockEntry-dbg.controller.js": 1759831620337,
  "controller/StockEntry.controller.js.map": 1759837327690,
  "controller/BaseController-dbg.js": 1759753746026,
  "controller/BaseController.js.map": 1759837327682,
  "controller/App-dbg.controller.js": 1759525349889,
  "controller/App.controller.js.map": 1759837327676,
  "Component-dbg.js": 1759740193797,
  "Component.js.map": 1759837327679,
  "Component-preload.js": 1759837327911,
  "i18n/i18n.properties": 1759830832372,
  "view/Warehouse.view.xml": 1759734854080,
  "view/SubAction.view.xml": 1759831095896,
  "view/StorageBin.view.xml": 1759734909805,
  "view/StockEntry.view.xml": 1759831036288,
  "view/App.view.xml": 1759669381857,
  "css/style.css": 1759525349889,
  "index.html": 1759670155664
}